post_id,campaign_id,platform,content_type,post_date,post_hour,day_of_week,caption_length,hashtag_count,has_emoji,reach,impressions,likes,comments,shares,saves,clicks,engagement_rate,ctr,sentiment_score,sentiment_label
1,1,Instagram,Reel,2024-09-18,1,Wednesday,319,15,True,348011,982845,9005,2245,1014,1797,47131,0.0352,0.048,-0.886,Negative
2,1,Instagram,Carousel,2024-09-06,1,Friday,337,2,False,447348,691591,26259,2747,1106,2606,50015,0.0673,0.0723,0.315,Negative
3,1,Instagram,Post,2024-09-17,2,Tuesday,24,14,True,166868,557888,5771,596,417,634,31809,0.0407,0.057,-0.853,Positive
4,1,Instagram,Post,2024-09-17,19,Tuesday,433,20,True,140041,198563,4477,640,368,710,8076,0.0392,0.0407,0.336,Negative
5,1,Instagram,Carousel,2024-09-12,6,Thursday,387,10,True,489508,1317820,30283,3449,1600,3163,64211,0.0722,0.0487,0.375,Neutral
6,1,Instagram,Story,2024-09-17,20,Tuesday,154,5,False,257131,437814,14803,3258,2480,1727,5729,0.0799,0.0131,0.103,Neutral
7,1,Instagram,Video,2024-09-18,4,Wednesday,41,9,False,6069,8305,493,45,15,79,297,0.0911,0.0358,0.798,Positive
8,1,Instagram,Story,2024-09-13,5,Friday,429,25,True,111140,304185,6064,1060,900,1212,23777,0.0722,0.0782,0.763,Positive
9,1,Instagram,Tweet,2024-09-09,3,Monday,215,27,True,387171,1284931,24240,4548,3063,1983,35170,0.0823,0.0274,0.717,Positive
10,1,Instagram,Post,2024-09-09,2,Monday,415,8,False,429126,1417954,19682,3617,997,2552,79692,0.0566,0.0562,0.283,Neutral
11,1,Instagram,Video,2024-09-18,11,Wednesday,393,25,False,174617,585694,5578,478,683,399,16740,0.0386,0.0286,-0.127,Negative
12,1,Instagram,Tweet,2024-09-07,23,Saturday,363,6,False,202953,661385,4907,894,588,919,43952,0.0315,0.0665,-0.137,Negative
13,1,Instagram,Post,2024-09-13,17,Friday,85,6,False,327712,607380,24944,2788,1558,3254,23437,0.0894,0.0386,0.33,Neutral
14,1,Instagram,Post,2024-09-09,14,Monday,246,14,True,323707,798213,16158,1731,793,2768,51886,0.0577,0.065,0.022,Negative
15,1,Instagram,Story,2024-09-09,6,Monday,95,0,True,346427,451570,18256,2210,2261,3369,28259,0.0656,0.0626,-0.51,Neutral
16,1,Instagram,Reel,2024-09-06,3,Friday,418,13,True,239769,502234,11603,2486,1237,2102,13599,0.0639,0.0271,-0.648,Negative
17,1,Instagram,Carousel,2024-09-17,10,Tuesday,406,28,False,244557,298487,9673,1226,1078,2394,16933,0.049,0.0567,0.225,Negative
18,1,Instagram,Tweet,2024-09-17,8,Tuesday,412,24,False,224735,695187,13709,2216,1033,1363,19564,0.0755,0.0281,0.253,Neutral
19,2,LinkedIn,Tweet,2024-08-20,6,Tuesday,52,13,False,375103,669839,6900,1204,359,1302,17541,0.0226,0.0262,-0.338,Neutral
20,2,LinkedIn,Video,2024-09-06,15,Friday,23,30,False,33645,53710,955,134,93,193,3758,0.0351,0.07,-0.403,Neutral
21,2,LinkedIn,Post,2024-09-06,21,Friday,367,25,False,283182,819539,8069,853,445,450,33198,0.0331,0.0405,0.448,Neutral
22,2,LinkedIn,Story,2024-08-23,1,Friday,153,12,False,327241,779454,12478,2141,492,2787,31180,0.0462,0.04,-0.577,Neutral
23,2,LinkedIn,Reel,2024-09-02,11,Monday,134,20,True,400103,1284785,9781,1147,1081,1954,55144,0.03,0.0429,0.562,Negative
24,2,LinkedIn,Story,2024-08-18,14,Sunday,378,8,False,396435,465601,8908,1328,463,649,20090,0.027,0.0431,-0.664,Negative
25,2,LinkedIn,Video,2024-08-22,22,Thursday,121,2,True,408786,1253469,12751,1259,1076,3081,71967,0.0369,0.0574,-0.796,Neutral
26,2,LinkedIn,Tweet,2024-09-19,10,Thursday,26,27,False,315788,957869,10966,885,1025,699,53934,0.0408,0.0563,0.645,Positive
27,2,LinkedIn,Article,2024-09-07,17,Saturday,416,15,False,190890,501163,7225,949,798,751,38881,0.047,0.0776,-0.129,Negative
28,2,LinkedIn,Tweet,2024-09-14,12,Saturday,192,0,False,141716,265509,3297,329,236,540,16603,0.0273,0.0625,0.702,Positive
29,2,LinkedIn,Story,2024-09-09,2,Monday,143,23,False,112211,218988,1987,373,307,304,10709,0.0238,0.0489,-0.023,Positive
30,2,LinkedIn,Carousel,2024-09-19,11,Thursday,262,17,False,250609,664155,7328,589,374,815,38803,0.0331,0.0584,-0.149,Negative
31,2,LinkedIn,Article,2024-09-12,22,Thursday,114,6,True,174429,339150,3939,486,517,782,10882,0.0283,0.0321,0.477,Neutral
32,2,LinkedIn,Carousel,2024-09-14,4,Saturday,160,1,True,399567,942629,6634,868,478,350,21266,0.02,0.0226,0.107,Negative
33,2,LinkedIn,Reel,2024-08-23,8,Friday,461,15,True,335427,1068102,10128,1427,765,879,43613,0.0367,0.0408,0.644,Neutral
34,2,LinkedIn,Carousel,2024-09-09,13,Monday,330,19,True,39840,98996,1031,247,181,102,1580,0.0366,0.016,0.551,Neutral
35,2,LinkedIn,Article,2024-09-07,6,Saturday,340,6,False,477317,1032212,20697,2091,1809,4098,54370,0.0515,0.0527,0.321,Positive
36,2,LinkedIn,Post,2024-08-28,22,Wednesday,460,14,True,92128,223390,1506,287,139,162,2744,0.021,0.0123,0.375,Neutral
37,3,LinkedIn,Carousel,2024-04-06,23,Saturday,442,18,False,223895,307959,3535,496,203,737,4365,0.0189,0.0142,-0.122,Neutral
38,3,LinkedIn,Carousel,2024-04-16,8,Tuesday,33,2,True,367861,760008,7522,1065,770,1481,54917,0.0254,0.0723,0.924,Negative
39,3,LinkedIn,Story,2024-03-20,18,Wednesday,243,20,False,401954,1090692,6335,1554,713,1477,60648,0.0214,0.0556,0.938,Neutral
40,3,LinkedIn,Article,2024-04-20,17,Saturday,38,14,True,215092,408661,7624,835,760,1822,12331,0.0429,0.0302,-0.371,Neutral
41,3,LinkedIn,Post,2024-03-29,19,Friday,407,15,False,406037,840504,13124,1907,1044,1148,32718,0.0396,0.0389,0.52,Positive
42,3,LinkedIn,Tweet,2024-04-12,5,Friday,179,17,True,288949,408698,6960,896,203,1460,22111,0.0279,0.0541,0.105,Positive
43,3,LinkedIn,Post,2024-04-08,13,Monday,447,15,False,442138,1455090,9101,2265,1018,1381,87541,0.028,0.0602,-0.513,Negative
44,3,LinkedIn,Post,2024-04-01,16,Monday,156,26,True,202109,314777,6433,565,227,1420,20173,0.0357,0.0641,-0.434,Neutral
45,3,LinkedIn,Story,2024-05-04,22,Saturday,142,18,False,454645,662249,11399,1986,1198,1303,27731,0.0321,0.0419,-0.533,Neutral
46,3,LinkedIn,Video,2024-03-22,1,Friday,84,16,False,167816,484533,6014,716,591,1480,32682,0.0436,0.0675,0.739,Neutral
47,3,LinkedIn,Post,2024-03-27,10,Wednesday,339,22,False,276749,909137,3099,782,556,639,13853,0.016,0.0152,0.3,Neutral
48,3,LinkedIn,Tweet,2024-05-08,9,Wednesday,136,23,True,200234,678780,6915,891,571,670,36126,0.0418,0.0532,-0.132,Positive
49,3,LinkedIn,Story,2024-03-27,16,Wednesday,230,18,True,233615,350253,3800,615,182,517,12291,0.0197,0.0351,-0.66,Positive
50,3,LinkedIn,Article,2024-04-24,14,Wednesday,481,9,True,325906,892826,8778,952,923,1609,37650,0.0327,0.0422,-0.852,Neutral
51,3,LinkedIn,Video,2024-04-16,18,Tuesday,203,18,False,335987,1145335,10191,1283,1598,726,79868,0.0389,0.0697,0.985,Neutral
52,3,LinkedIn,Video,2024-03-20,9,Wednesday,417,25,True,436178,1168848,9050,1602,1075,1550,15701,0.0269,0.0134,0.214,Neutral
53,3,LinkedIn,Tweet,2024-04-08,20,Monday,40,9,False,334771,521009,7304,1274,748,507,10198,0.0279,0.0196,-0.933,Neutral
54,3,LinkedIn,Carousel,2024-03-30,8,Saturday,445,5,False,48255,158426,996,111,132,122,11304,0.0257,0.0714,0.828,Neutral
55,3,LinkedIn,Tweet,2024-04-15,12,Monday,453,25,False,392412,1251383,13112,1177,1644,2429,32276,0.0406,0.0258,-0.819,Neutral
56,3,LinkedIn,Reel,2024-03-19,21,Tuesday,139,15,True,139652,333457,3743,625,356,891,22531,0.0338,0.0676,0.239,Negative
57,4,Twitter,Post,2024-11-11,15,Monday,79,3,True,340556,426281,8904,924,606,2130,8433,0.0306,0.0198,0.775,Positive
58,4,Twitter,Tweet,2024-11-27,3,Wednesday,446,15,False,238839,475391,6472,949,611,1469,28933,0.0336,0.0609,0.878,Neutral
59,4,Twitter,Tweet,2024-10-24,11,Thursday,51,12,False,362905,721916,5846,1009,208,928,41869,0.0195,0.058,-0.62,Positive
60,4,Twitter,Carousel,2024-12-04,6,Wednesday,55,26,True,49063,132011,914,70,111,68,3570,0.0223,0.027,0.173,Positive
61,4,Twitter,Story,2024-11-21,3,Thursday,358,27,True,406992,591819,7444,2018,469,745,11303,0.0244,0.0191,-0.736,Neutral
62,4,Twitter,Article,2024-11-13,11,Wednesday,282,18,True,309728,581375,1772,426,213,257,36159,0.0078,0.0622,-0.096,Positive
63,4,Twitter,Video,2024-10-25,13,Friday,371,3,False,382284,1139108,8869,1294,1312,1293,16241,0.03,0.0143,0.425,Neutral
64,4,Twitter,Carousel,2024-10-28,16,Monday,170,14,False,472474,611332,6455,962,877,742,29579,0.0176,0.0484,-0.802,Negative
65,4,Twitter,Article,2024-11-01,14,Friday,224,13,True,448108,1197035,10650,2185,870,1413,86385,0.0306,0.0722,-0.375,Neutral
66,4,Twitter,Post,2024-11-14,4,Thursday,304,1,False,197241,668375,3678,338,153,731,26889,0.0211,0.0402,0.34,Neutral
67,4,Twitter,Carousel,2024-11-24,16,Sunday,128,4,False,459021,1237895,10911,1752,1398,1312,64406,0.0306,0.052,-0.552,Positive
68,4,Twitter,Carousel,2024-11-23,19,Saturday,365,20,True,444219,1081689,2338,290,217,475,53292,0.0064,0.0493,0.218,Negative
69,4,Twitter,Video,2024-11-15,2,Friday,92,23,True,16179,24802,283,40,9,46,1758,0.0205,0.0709,-0.816,Negative
70,4,Twitter,Reel,2024-11-10,4,Sunday,100,24,True,198234,417797,2050,410,275,137,20777,0.0138,0.0497,0.348,Neutral
71,4,Twitter,Tweet,2024-12-03,21,Tuesday,323,15,False,348046,737034,5702,653,557,411,25178,0.0199,0.0342,-0.909,Neutral
72,4,Twitter,Video,2024-10-26,5,Saturday,86,12,True,5030,8000,139,24,8,20,147,0.034,0.0184,0.001,Negative
73,4,Twitter,Video,2024-11-24,22,Sunday,347,13,False,38788,79630,757,115,31,102,2541,0.0233,0.0319,-0.77,Positive
74,5,Instagram,Video,2024-02-14,16,Wednesday,60,12,False,421123,1420984,21257,2591,1652,2915,24739,0.0606,0.0174,0.492,Positive
75,5,Instagram,Article,2024-02-22,20,Thursday,437,4,True,409482,615663,16612,3140,2875,3247,21213,0.0553,0.0345,-0.794,Neutral
76,5,Instagram,Article,2024-02-15,18,Thursday,249,21,False,91963,234115,6305,612,740,1266,10438,0.0833,0.0446,0.728,Negative
77,5,Instagram,Video,2024-02-21,14,Wednesday,39,1,False,80145,172746,3989,750,389,258,5983,0.064,0.0346,0.663,Positive
78,5,Instagram,Carousel,2024-02-10,20,Saturday,116,10,False,323441,816944,14085,3038,1653,3265,10515,0.0581,0.0129,0.003,Positive
79,5,Instagram,Video,2024-02-27,16,Tuesday,287,19,True,55264,168351,4627,340,417,886,2144,0.0974,0.0127,-0.272,Neutral
80,5,Instagram,Video,2024-02-24,9,Saturday,149,23,True,215312,637046,10115,2218,917,1634,21072,0.0615,0.0331,-0.333,Negative
81,5,Instagram,Video,2024-02-12,20,Monday,425,10,True,481639,934172,40015,5030,3812,4478,70679,0.1014,0.0757,0.34,Negative
82,5,Instagram,Video,2024-03-02,6,Saturday,135,4,True,49996,132512,2072,293,117,496,3311,0.0496,0.025,-0.846,Positive
83,5,Instagram,Story,2024-03-01,5,Friday,112,26,True,405160,970540,25718,4541,3522,4357,51693,0.0834,0.0533,0.442,Positive
84,5,Instagram,Post,2024-02-25,15,Sunday,482,26,True,191997,522859,6246,774,787,979,21659,0.0407,0.0414,-0.264,Negative
85,5,Instagram,Article,2024-02-27,8,Tuesday,46,20,False,243053,716192,15824,2233,801,2704,17173,0.0776,0.024,0.748,Negative
86,5,Instagram,Video,2024-02-10,2,Saturday,486,7,False,373978,1170604,23343,5035,1667,1855,85888,0.0803,0.0734,0.769,Positive
87,5,Instagram,Tweet,2024-02-26,20,Monday,191,25,True,28921,59331,1133,107,69,79,1916,0.0453,0.0323,-0.725,Neutral
88,5,Instagram,Story,2024-02-28,17,Wednesday,392,19,False,365942,1132467,23047,4011,3326,2146,12831,0.083,0.0113,-0.778,Neutral
89,5,Instagram,Carousel,2024-02-17,0,Saturday,343,16,True,158889,221242,5655,918,204,848,15170,0.0427,0.0686,0.437,Neutral
90,5,Instagram,Carousel,2024-02-26,17,Monday,279,25,True,1820,4687,58,10,2,3,366,0.0385,0.0781,-0.219,Neutral
91,6,YouTube,Article,2024-03-19,18,Tuesday,396,24,False,203837,704153,3624,925,341,636,43168,0.024,0.0613,-0.733,Neutral
92,6,YouTube,Reel,2024-03-15,22,Friday,417,30,False,178496,544844,3995,525,411,848,29542,0.0276,0.0542,-0.926,Positive
93,6,YouTube,Article,2024-02-20,20,Tuesday,117,9,False,415769,656385,7301,950,927,734,31514,0.0221,0.048,0.724,Positive
94,6,YouTube,Video,2024-03-05,22,Tuesday,274,11,False,144244,201759,4654,754,555,1139,7478,0.0413,0.0371,0.602,Negative
95,6,YouTube,Video,2024-03-09,19,Saturday,387,13,True,42380,90415,1871,268,95,204,2979,0.0527,0.0329,0.38,Neutral
96,6,YouTube,Tweet,2024-03-10,20,Sunday,227,11,True,23206,66006,1186,162,123,72,4317,0.0634,0.0654,0.906,Positive
97,6,YouTube,Carousel,2024-03-18,4,Monday,367,14,False,356513,1060679,4096,1006,388,669,39032,0.0154,0.0368,-0.256,Positive
98,6,YouTube,Video,2024-03-16,17,Saturday,80,8,False,73191,173514,2231,240,93,334,10670,0.035,0.0615,0.408,Positive
99,6,YouTube,Reel,2024-03-18,21,Monday,452,10,False,150724,416835,6746,765,312,1299,9206,0.0519,0.0221,0.419,Negative
100,6,YouTube,Reel,2024-03-15,6,Friday,425,4,True,153233,496351,7771,1554,773,1179,32540,0.0659,0.0656,0.581,Positive
101,6,YouTube,Tweet,2024-03-06,23,Wednesday,265,16,False,291466,720931,11131,881,1270,1442,10527,0.0456,0.0146,0.538,Negative
102,6,YouTube,Tweet,2024-02-21,18,Wednesday,113,24,True,66707,229052,2479,460,185,510,16367,0.0468,0.0715,-0.135,Positive
103,6,YouTube,Article,2024-02-24,2,Saturday,148,6,False,272634,400018,4861,985,388,1113,30346,0.0229,0.0759,-0.75,Neutral
104,6,YouTube,Post,2024-03-18,18,Monday,41,26,True,280696,371705,11117,1773,552,2561,19965,0.0479,0.0537,-0.838,Negative
105,6,YouTube,Post,2024-03-16,15,Saturday,145,25,False,139755,372127,5766,1050,552,622,20058,0.0527,0.0539,-0.405,Positive
106,7,Twitter,Article,2024-09-30,11,Monday,224,4,False,83879,180763,1033,203,82,203,10897,0.0157,0.0603,0.03,Positive
107,7,Twitter,Story,2024-10-03,5,Thursday,436,10,False,127740,283523,1053,109,79,182,10459,0.0097,0.0369,-0.62,Positive
108,7,Twitter,Carousel,2024-10-06,11,Sunday,44,1,False,270864,601414,6289,571,498,617,25263,0.0272,0.042,-0.01,Negative
109,7,Twitter,Reel,2024-10-08,12,Tuesday,46,18,True,247723,442382,696,83,53,90,15750,0.0034,0.0356,-0.275,Neutral
110,7,Twitter,Video,2024-09-30,11,Monday,426,10,False,203558,470262,3774,962,481,924,8613,0.0256,0.0183,0.51,Positive
111,7,Twitter,Carousel,2024-10-07,4,Monday,187,29,False,267926,552819,878,208,144,70,25624,0.0046,0.0464,-0.675,Negative
112,7,Twitter,Post,2024-10-08,10,Tuesday,364,3,False,442766,805020,5558,766,569,1184,24943,0.0156,0.031,0.167,Negative
113,7,Twitter,Reel,2024-10-10,18,Thursday,265,5,False,361733,944204,5429,1082,915,518,47675,0.0205,0.0505,-0.704,Negative
114,7,Twitter,Carousel,2024-10-02,19,Wednesday,491,15,True,17552,43426,288,48,27,26,1689,0.0207,0.0389,0.412,Negative
115,7,Twitter,Post,2024-10-02,21,Wednesday,415,27,False,295066,554759,5467,676,281,647,40968,0.0218,0.0738,0.22,Positive
116,7,Twitter,Post,2024-10-02,15,Wednesday,198,17,False,147279,359273,1501,151,81,286,8805,0.0118,0.0245,-0.424,Negative
117,7,Twitter,Tweet,2024-10-08,2,Tuesday,197,29,False,285788,574795,8374,1633,947,900,17434,0.0383,0.0303,0.312,Negative
118,7,Twitter,Story,2024-10-05,1,Saturday,362,28,True,113190,179401,2105,322,83,352,9525,0.0222,0.0531,0.276,Positive
119,7,Twitter,Tweet,2024-10-01,15,Tuesday,264,20,True,217688,412019,3301,298,455,269,32324,0.0186,0.0785,0.512,Neutral
120,7,Twitter,Story,2024-10-03,13,Thursday,471,26,True,150639,399216,2918,595,347,692,24199,0.0256,0.0606,0.868,Positive
121,7,Twitter,Carousel,2024-10-10,3,Thursday,495,10,False,209139,625556,1746,330,103,191,7896,0.0104,0.0126,-0.091,Negative
122,7,Twitter,Video,2024-10-06,20,Sunday,151,22,True,275893,630523,7887,1010,369,650,11277,0.0336,0.0179,-0.972,Neutral
123,7,Twitter,Reel,2024-10-09,12,Wednesday,362,3,True,155677,383381,2710,665,450,414,26027,0.0246,0.0679,0.963,Neutral
124,7,Twitter,Reel,2024-10-03,8,Thursday,354,11,True,491642,833487,3963,870,669,771,25951,0.0112,0.0311,-0.876,Positive
125,7,Twitter,Post,2024-10-05,11,Saturday,334,7,True,161854,240081,3648,651,383,648,14001,0.0289,0.0583,0.915,Neutral
126,8,Twitter,Article,2024-05-09,7,Thursday,368,24,True,393028,1365069,5048,1003,572,1085,90285,0.0169,0.0661,0.051,Negative
127,8,Twitter,Post,2024-05-21,16,Tuesday,246,3,True,190679,245489,2446,494,285,195,12296,0.0169,0.0501,0.434,Neutral
128,8,Twitter,Article,2024-04-21,9,Sunday,390,0,False,472276,1097994,10003,1593,889,1425,15417,0.0264,0.014,-0.491,Positive
129,8,Twitter,Video,2024-04-27,1,Saturday,166,13,True,304201,387938,4283,628,149,1058,28162,0.0166,0.0726,0.538,Negative
130,8,Twitter,Tweet,2024-05-22,17,Wednesday,88,20,False,339627,1159173,4718,583,574,311,42222,0.0173,0.0364,-0.763,Negative
131,8,Twitter,Video,2024-05-06,17,Monday,214,26,True,278265,391138,8197,1372,1073,1588,16588,0.0382,0.0424,-0.505,Neutral
132,8,Twitter,Reel,2024-04-24,7,Wednesday,125,2,True,145519,225896,3783,275,377,897,11982,0.0305,0.053,0.188,Neutral
133,8,Twitter,Reel,2024-05-16,4,Thursday,277,9,True,353333,985052,1710,213,91,380,24832,0.0057,0.0252,0.632,Negative
134,8,Twitter,Video,2024-05-14,9,Tuesday,160,1,True,168197,418127,4017,397,485,619,33031,0.0291,0.079,0.252,Neutral
135,8,Twitter,Post,2024-05-13,12,Monday,114,24,False,260848,316283,3082,391,275,405,18578,0.0144,0.0587,-0.518,Positive
136,8,Twitter,Story,2024-05-01,8,Wednesday,124,10,True,450598,1260856,11586,1589,1457,890,61794,0.0325,0.049,0.844,Neutral
137,8,Twitter,Article,2024-04-21,18,Sunday,390,21,True,281827,800107,1908,385,224,167,56930,0.0089,0.0712,-0.041,Neutral
138,8,Twitter,Carousel,2024-05-01,22,Wednesday,124,12,True,477574,542906,14236,1114,1804,1402,23629,0.0359,0.0435,0.104,Neutral
139,8,Twitter,Video,2024-05-05,10,Sunday,488,6,False,245449,584355,2495,436,257,614,9877,0.013,0.0169,-0.374,Positive
140,8,Twitter,Post,2024-05-14,7,Tuesday,214,18,True,454029,740547,2653,658,304,213,29052,0.008,0.0392,-0.001,Negative
141,8,Twitter,Story,2024-05-20,4,Monday,388,17,False,177980,305695,4745,685,355,991,6656,0.0325,0.0218,-0.632,Negative
142,9,Twitter,Tweet,2024-11-07,7,Thursday,54,22,True,31792,74948,570,144,26,44,782,0.0233,0.0104,-0.982,Negative
143,9,Twitter,Video,2024-10-14,0,Monday,28,16,False,196664,244862,4191,759,390,655,2718,0.0272,0.0111,0.071,Neutral
144,9,Twitter,Story,2024-09-22,19,Sunday,289,8,False,264305,806547,5606,1065,215,447,13503,0.0261,0.0167,-0.465,Neutral
145,9,Twitter,Article,2024-09-25,20,Wednesday,408,1,True,196586,668847,2372,495,182,156,45457,0.0155,0.068,-0.189,Neutral
146,9,Twitter,Article,2024-10-18,3,Friday,478,16,True,250563,309364,736,133,73,120,20079,0.0038,0.0649,-0.54,Negative
147,9,Twitter,Article,2024-11-04,10,Monday,28,30,True,298158,668231,1032,281,181,58,33041,0.005,0.0494,0.174,Negative
148,9,Twitter,Video,2024-10-31,23,Thursday,91,25,True,209821,698557,2172,346,285,343,40091,0.0134,0.0574,0.002,Neutral
149,9,Twitter,Reel,2024-09-24,20,Tuesday,159,25,False,52215,112210,1080,227,172,221,4238,0.0283,0.0378,-0.019,Neutral
150,9,Twitter,Reel,2024-10-18,2,Friday,157,4,False,494429,989364,3842,500,464,381,30350,0.0097,0.0307,0.423,Negative
151,9,Twitter,Reel,2024-09-29,5,Sunday,240,14,False,388792,791227,3614,988,380,254,50080,0.0128,0.0633,-0.793,Positive
152,9,Twitter,Carousel,2024-10-09,7,Wednesday,312,16,True,291570,385850,4516,669,327,302,14332,0.0189,0.0371,0.371,Positive
153,9,Twitter,Post,2024-09-28,7,Saturday,389,20,False,141990,258807,1640,295,169,107,11360,0.0148,0.0439,0.188,Positive
154,9,Twitter,Video,2024-10-14,20,Monday,324,4,False,57084,81354,184,40,15,25,5723,0.0042,0.0703,-0.359,Negative
155,9,Twitter,Story,2024-10-01,10,Tuesday,212,8,False,252139,467475,7726,773,738,1276,20742,0.0366,0.0444,-0.27,Negative
156,9,Twitter,Article,2024-10-01,9,Tuesday,445,22,True,311497,1088194,2569,185,275,236,82711,0.0097,0.076,0.638,Neutral
157,9,Twitter,Carousel,2024-10-24,15,Thursday,318,12,False,262778,376831,2360,268,220,329,13712,0.0108,0.0364,0.087,Neutral
158,9,Twitter,Carousel,2024-10-26,1,Saturday,308,20,False,470500,1434795,9393,739,483,782,81106,0.0226,0.0565,0.934,Neutral
159,9,Twitter,Video,2024-11-07,11,Thursday,220,14,True,418454,892601,1297,227,138,214,45197,0.004,0.0506,-0.31,Positive
160,9,Twitter,Article,2024-10-15,6,Tuesday,286,15,False,55813,100967,1092,276,162,129,3471,0.0274,0.0344,-0.048,Neutral
161,9,Twitter,Article,2024-10-27,5,Sunday,496,23,True,366304,800694,1382,326,58,99,27235,0.0048,0.034,0.032,Negative
162,10,Twitter,Tweet,2024-04-30,19,Tuesday,472,6,False,294522,625354,4610,704,217,595,35027,0.0188,0.056,0.184,Neutral
163,10,Twitter,Post,2024-04-14,10,Sunday,120,14,True,370484,598520,3883,707,361,611,39481,0.0134,0.066,-0.475,Neutral
164,10,Twitter,Tweet,2024-05-09,22,Thursday,429,9,True,336076,622469,3862,384,301,326,26174,0.0135,0.042,0.344,Neutral
165,10,Twitter,Story,2024-04-19,15,Friday,345,17,True,126080,231093,1018,145,76,129,4541,0.0098,0.0197,0.11,Neutral
166,10,Twitter,Video,2024-04-28,17,Sunday,278,20,False,74555,115488,1762,350,247,156,5072,0.0316,0.0439,-0.182,Neutral
167,10,Twitter,Carousel,2024-05-04,9,Saturday,106,24,False,373319,1163165,4330,438,667,454,35414,0.0146,0.0304,0.131,Neutral
168,10,Twitter,Tweet,2024-05-10,14,Friday,299,6,False,268809,368727,1771,320,119,103,24919,0.0082,0.0676,-0.795,Negative
169,10,Twitter,Article,2024-05-20,7,Monday,127,25,False,130777,237295,3319,443,446,825,9666,0.0322,0.0407,0.722,Negative
170,10,Twitter,Carousel,2024-05-14,5,Tuesday,185,22,False,225482,337852,1251,157,55,132,11675,0.0065,0.0346,-0.421,Neutral
171,10,Twitter,Post,2024-05-30,20,Thursday,84,22,True,450847,1052545,12254,1046,1316,757,40851,0.0324,0.0388,-0.501,Negative
172,10,Twitter,Reel,2024-04-29,20,Monday,426,28,True,435363,737562,9286,965,1061,1161,39789,0.026,0.0539,-0.194,Negative
173,10,Twitter,Tweet,2024-04-27,14,Saturday,345,21,False,365224,1222480,5137,541,132,1009,78470,0.0159,0.0642,0.7,Negative
174,10,Twitter,Article,2024-05-03,15,Friday,423,10,True,115205,394405,2530,321,166,192,19054,0.0262,0.0483,-0.908,Negative
175,10,Twitter,Tweet,2024-05-22,4,Wednesday,471,20,False,439672,968595,3112,386,82,281,74642,0.0081,0.0771,-0.682,Neutral
176,10,Twitter,Article,2024-04-18,7,Thursday,239,20,True,344192,676352,1897,311,65,370,36382,0.0066,0.0538,0.407,Positive
177,10,Twitter,Article,2024-04-24,13,Wednesday,375,4,False,250984,323029,4243,611,133,314,10999,0.0199,0.034,-0.858,Neutral
178,11,Twitter,Tweet,2024-06-21,4,Friday,55,16,True,423553,570028,5168,430,553,396,35752,0.0145,0.0627,0.221,Positive
179,11,Twitter,Reel,2024-06-14,4,Friday,405,3,False,185123,524608,2724,455,374,183,36826,0.0192,0.0702,-0.297,Neutral
180,11,Twitter,Tweet,2024-06-11,0,Tuesday,454,27,False,415752,596850,3208,643,415,660,31353,0.0103,0.0525,-0.589,Negative
181,11,Twitter,Video,2024-06-16,20,Sunday,324,2,True,99905,289207,791,214,147,57,12910,0.0115,0.0446,0.974,Neutral
182,11,Twitter,Reel,2024-06-07,18,Friday,54,0,False,203814,645265,3092,600,411,630,49563,0.0201,0.0768,-0.569,Positive
183,11,Twitter,Carousel,2024-06-27,19,Thursday,98,8,True,414815,852502,4449,789,335,792,32530,0.0134,0.0382,-0.38,Negative
184,11,Twitter,Post,2024-06-26,22,Wednesday,243,23,True,107534,369739,671,121,90,119,20516,0.0082,0.0555,-0.884,Positive
185,11,Twitter,Story,2024-06-26,22,Wednesday,25,5,False,228794,315362,3123,705,439,164,7031,0.0186,0.0223,0.906,Negative
186,11,Twitter,Reel,2024-06-16,10,Sunday,433,13,False,411510,1264988,3541,723,520,260,77550,0.0116,0.0613,0.048,Neutral
187,11,Twitter,Article,2024-06-21,3,Friday,477,18,True,303331,790504,4431,376,602,360,17139,0.0178,0.0217,-0.543,Negative
188,11,Twitter,Reel,2024-06-04,17,Tuesday,431,29,False,24088,76138,67,11,12,16,1715,0.0037,0.0225,-0.551,Positive
189,11,Twitter,Article,2024-06-14,16,Friday,43,30,False,481171,1361084,3650,608,419,313,99544,0.0097,0.0731,-0.862,Neutral
190,11,Twitter,Tweet,2024-06-25,19,Tuesday,144,14,False,149010,440542,1244,226,117,257,13397,0.0107,0.0304,0.183,Neutral
191,11,Twitter,Post,2024-06-22,20,Saturday,449,22,True,407787,639823,10842,1109,305,1047,24762,0.0301,0.0387,0.902,Positive
192,11,Twitter,Story,2024-06-22,22,Saturday,163,2,True,345616,692289,6311,751,1051,1528,27267,0.0235,0.0394,0.843,Negative
193,12,LinkedIn,Carousel,2024-10-10,1,Thursday,242,21,True,470540,938247,14583,1652,851,947,63235,0.0363,0.0674,-0.526,Neutral
194,12,LinkedIn,Article,2024-09-21,18,Saturday,75,4,True,486512,1470219,16838,1911,975,1524,22388,0.0405,0.0152,-0.671,Neutral
195,12,LinkedIn,Article,2024-09-21,21,Saturday,175,26,True,214129,297589,5374,699,419,365,20734,0.0303,0.0697,-0.57,Neutral
196,12,LinkedIn,Video,2024-09-13,14,Friday,304,23,True,48821,137029,1774,157,125,150,9236,0.0421,0.0674,-0.811,Positive
197,12,LinkedIn,Tweet,2024-09-12,2,Thursday,318,18,False,64676,72999,2735,217,295,481,2632,0.0502,0.0361,0.835,Positive
198,12,LinkedIn,Video,2024-09-07,1,Saturday,106,29,False,34801,54797,1184,94,140,88,3650,0.0407,0.0666,0.643,Neutral
199,12,LinkedIn,Carousel,2024-09-30,19,Monday,335,7,False,16457,33219,369,85,25,29,1369,0.0291,0.0412,-0.002,Negative
200,12,LinkedIn,Carousel,2024-09-29,0,Sunday,215,25,False,32970,43208,728,133,97,181,1185,0.0291,0.0274,-0.041,Neutral
201,12,LinkedIn,Post,2024-09-22,1,Sunday,434,15,False,479505,1178413,9157,828,1067,1942,14201,0.023,0.0121,0.534,Positive
202,12,LinkedIn,Carousel,2024-09-13,12,Friday,201,29,True,53499,90673,1046,204,125,250,5756,0.0257,0.0635,-0.648,Negative
203,12,LinkedIn,Story,2024-09-21,15,Saturday,297,9,True,423686,1216594,9859,1751,700,773,60508,0.0291,0.0497,-0.019,Positive
204,12,LinkedIn,Story,2024-09-08,10,Sunday,50,0,True,122961,312811,1645,212,176,194,20786,0.0165,0.0664,0.173,Positive
205,12,LinkedIn,Post,2024-09-11,4,Wednesday,100,23,False,444799,1051107,8028,1853,1122,941,53628,0.0247,0.051,0.584,Neutral
206,12,LinkedIn,Story,2024-10-07,12,Monday,177,23,False,167347,254047,6961,1404,815,1167,6510,0.0549,0.0256,-0.745,Negative
207,12,LinkedIn,Article,2024-09-06,19,Friday,133,20,True,498438,1388060,16154,2718,1398,1835,31572,0.0407,0.0227,0.873,Positive
208,12,LinkedIn,Tweet,2024-09-22,10,Sunday,248,0,False,391774,504109,7907,1507,1287,1454,34035,0.0273,0.0675,-0.581,Negative
209,12,LinkedIn,Video,2024-09-09,12,Monday,199,17,False,184753,317032,2248,398,353,510,24676,0.0162,0.0778,-0.797,Neutral
210,12,LinkedIn,Reel,2024-10-04,2,Friday,195,5,False,342295,999427,6312,1290,225,645,11398,0.0229,0.0114,-0.678,Positive
211,13,LinkedIn,Story,2024-08-19,1,Monday,71,10,True,178183,450032,5118,421,757,1166,9698,0.0353,0.0215,0.949,Neutral
212,13,LinkedIn,Article,2024-09-17,15,Tuesday,98,1,False,291514,825827,8312,1120,559,1366,11127,0.0343,0.0135,-0.992,Positive
213,13,LinkedIn,Article,2024-08-29,3,Thursday,177,25,False,432959,1164161,10668,1001,641,708,35421,0.0284,0.0304,-0.058,Negative
214,13,LinkedIn,Post,2024-08-27,7,Tuesday,448,8,True,48781,128805,1058,152,60,145,1690,0.026,0.0131,-0.698,Negative
215,13,LinkedIn,Article,2024-09-16,16,Monday,234,30,False,51700,67504,1155,256,117,251,3290,0.0296,0.0487,0.145,Positive
216,13,LinkedIn,Carousel,2024-09-07,4,Saturday,81,30,False,157684,203332,6319,886,814,1172,13426,0.0509,0.066,-0.654,Positive
217,13,LinkedIn,Carousel,2024-08-25,8,Sunday,183,29,True,424866,663871,4828,1091,333,384,44864,0.0147,0.0676,-0.826,Negative
218,13,LinkedIn,Video,2024-09-03,3,Tuesday,232,4,True,290435,546803,5748,1238,747,888,29316,0.0266,0.0536,0.133,Negative
219,13,LinkedIn,Tweet,2024-08-19,15,Monday,312,19,False,485928,657715,18297,3401,2248,1881,46995,0.0493,0.0715,-0.925,Neutral
220,13,LinkedIn,Video,2024-09-03,8,Tuesday,479,11,True,76420,197452,2239,323,325,134,11518,0.0378,0.0583,-0.324,Neutral
221,13,LinkedIn,Article,2024-08-30,10,Friday,157,23,False,147982,462122,5671,1183,307,1127,14341,0.0484,0.031,0.21,Positive
222,13,LinkedIn,Story,2024-08-24,2,Saturday,179,22,False,232586,373844,8896,1551,1100,1361,25223,0.0496,0.0675,-0.729,Negative
223,13,LinkedIn,Story,2024-09-11,8,Wednesday,208,26,False,16177,24540,498,49,20,60,332,0.035,0.0135,0.01,Negative
224,13,LinkedIn,Story,2024-08-21,8,Wednesday,403,26,True,358131,420213,8476,846,1120,1016,21465,0.0292,0.0511,-0.43,Neutral
225,13,LinkedIn,Carousel,2024-08-17,0,Saturday,462,24,True,86410,272119,2496,319,168,450,6659,0.0345,0.0245,-0.052,Positive
226,13,LinkedIn,Video,2024-09-15,12,Sunday,456,11,False,91807,233441,1074,243,82,191,18136,0.0152,0.0777,-0.496,Neutral
227,13,LinkedIn,Carousel,2024-08-29,20,Thursday,324,19,False,356045,836538,10807,811,1599,2354,64960,0.0371,0.0777,-0.403,Positive
228,13,LinkedIn,Story,2024-09-07,4,Saturday,284,24,True,34469,65735,639,83,77,115,5038,0.0232,0.0766,0.799,Negative
229,13,LinkedIn,Tweet,2024-09-03,1,Tuesday,318,22,True,347308,648426,4512,886,388,590,47648,0.0167,0.0735,-0.314,Negative
230,14,LinkedIn,Carousel,2024-10-28,5,Monday,170,3,False,281302,740373,8587,942,483,1558,16213,0.0356,0.0219,-0.744,Neutral
231,14,LinkedIn,Article,2024-10-28,9,Monday,235,25,False,424804,1037233,18820,3359,1736,1781,26509,0.0563,0.0256,-0.257,Negative
232,14,LinkedIn,Carousel,2024-10-23,3,Wednesday,464,21,False,244144,767323,7202,1027,905,1641,11498,0.0374,0.015,0.06,Neutral
233,14,LinkedIn,Post,2024-10-20,22,Sunday,112,24,True,457575,1441441,6533,1060,764,924,105893,0.0183,0.0735,-0.025,Negative
234,14,LinkedIn,Article,2024-10-22,2,Tuesday,86,19,False,165319,433598,1942,420,111,287,27539,0.015,0.0635,0.267,Neutral
235,14,LinkedIn,Story,2024-10-25,0,Friday,366,0,True,251295,507605,3025,471,114,655,16525,0.0144,0.0326,-0.547,Neutral
236,14,LinkedIn,Carousel,2024-10-23,19,Wednesday,288,10,False,68596,92364,1629,155,65,229,7055,0.027,0.0764,0.776,Positive
237,14,LinkedIn,Story,2024-10-24,6,Thursday,395,0,True,473584,1078080,13012,3331,2011,1234,12224,0.0388,0.0113,-0.754,Negative
238,14,LinkedIn,Tweet,2024-10-27,0,Sunday,44,22,True,416302,495262,13220,2371,547,2411,39436,0.0388,0.0796,-0.166,Neutral
239,14,LinkedIn,Carousel,2024-10-21,8,Monday,338,19,True,287933,491378,7774,1641,287,545,19390,0.0337,0.0395,-0.162,Positive
240,14,LinkedIn,Story,2024-10-26,11,Saturday,380,13,False,377840,975762,8699,1180,812,1881,62894,0.0283,0.0645,-0.679,Negative
241,14,LinkedIn,Tweet,2024-10-26,15,Saturday,96,30,True,478289,764528,16428,1378,2021,3565,56178,0.0415,0.0735,0.559,Positive
242,14,LinkedIn,Story,2024-10-28,1,Monday,456,9,False,380362,510863,6547,1712,502,458,21711,0.023,0.0425,0.603,Neutral
243,14,LinkedIn,Video,2024-10-25,19,Friday,157,28,True,388207,535012,16095,1069,651,1862,29588,0.0459,0.0553,-0.255,Neutral
244,14,LinkedIn,Article,2024-10-22,5,Tuesday,77,4,True,60680,125114,2064,314,312,371,8256,0.0443,0.066,0.963,Positive
245,14,LinkedIn,Article,2024-10-21,21,Monday,470,26,True,219118,720228,5776,808,593,995,46484,0.0328,0.0645,-0.034,Neutral
246,15,Instagram,Tweet,2024-07-10,18,Wednesday,134,30,False,216631,467414,5386,396,691,1070,21845,0.0299,0.0467,0.038,Negative
247,15,Instagram,Carousel,2024-07-01,19,Monday,47,0,True,325135,431968,16729,2462,2157,3643,15957,0.0657,0.0369,0.011,Neutral
248,15,Instagram,Tweet,2024-07-08,12,Monday,226,26,True,260960,831574,6207,710,935,586,11246,0.0301,0.0135,-0.842,Neutral
249,15,Instagram,Video,2024-07-05,1,Friday,305,17,True,301435,655752,20470,1997,1930,1443,36549,0.0809,0.0557,0.652,Negative
250,15,Instagram,Story,2024-06-27,14,Thursday,189,17,False,335253,613860,14273,2975,2438,868,21751,0.0587,0.0354,0.433,Neutral
251,15,Instagram,Carousel,2024-07-01,11,Monday,379,3,True,238257,327283,13273,1971,2024,1438,25367,0.0725,0.0775,0.794,Neutral
252,15,Instagram,Video,2024-06-03,6,Monday,386,10,True,431880,1218097,21817,4554,1435,2805,91497,0.0644,0.0751,0.514,Positive
253,15,Instagram,Video,2024-07-11,0,Thursday,291,23,True,333000,1035603,20220,2626,2008,1555,79672,0.0746,0.0769,0.106,Neutral
254,15,Instagram,Video,2024-07-07,21,Sunday,327,19,False,307771,695265,18099,1578,1545,1369,42504,0.069,0.0611,0.008,Neutral
255,15,Instagram,Video,2024-06-17,19,Monday,378,28,False,320288,1056368,18384,4622,3083,1409,44049,0.0815,0.0417,0.686,Negative
256,15,Instagram,Tweet,2024-07-08,4,Monday,383,20,True,165579,465028,13042,1325,1322,1552,14109,0.0948,0.0303,0.008,Negative
257,15,Instagram,Article,2024-06-27,17,Thursday,166,28,False,170020,476880,11194,1812,1597,2069,28473,0.0859,0.0597,0.617,Negative
258,15,Instagram,Story,2024-06-02,1,Sunday,373,25,False,14249,28698,256,38,41,47,2262,0.0235,0.0788,-0.592,Negative
259,15,Instagram,Story,2024-05-29,16,Wednesday,421,25,False,189052,577301,5638,919,661,914,35774,0.0382,0.062,0.386,Positive
260,15,Instagram,Carousel,2024-07-11,14,Thursday,444,7,False,201059,408176,18505,1897,1497,1855,4452,0.1089,0.0109,0.51,Negative
261,16,Instagram,Carousel,2024-11-23,3,Saturday,213,1,False,104006,308144,7145,822,906,605,7114,0.0853,0.0231,-0.442,Neutral
262,16,Instagram,Reel,2024-10-31,20,Thursday,335,26,False,85373,213566,2708,546,146,310,4433,0.0398,0.0208,-0.019,Negative
263,16,Instagram,Carousel,2024-11-20,17,Wednesday,226,2,False,188739,240625,11628,2576,1090,952,15649,0.081,0.065,-0.558,Positive
264,16,Instagram,Tweet,2024-11-26,0,Tuesday,78,21,False,175002,331551,7751,1104,572,1553,16343,0.0539,0.0493,-0.109,Negative
265,16,Instagram,Carousel,2024-11-23,23,Saturday,164,0,False,482614,1250315,39557,4607,5235,5030,95210,0.1024,0.0761,0.029,Negative
266,16,Instagram,Carousel,2024-11-15,17,Friday,23,20,True,256225,308813,15840,2879,2722,3821,6706,0.0837,0.0217,-0.578,Negative
267,16,Instagram,Tweet,2024-12-01,2,Sunday,402,21,True,112765,358128,4083,797,585,837,28054,0.0485,0.0783,-0.952,Negative
268,16,Instagram,Video,2024-11-10,14,Sunday,342,12,False,20863,27331,537,77,48,54,708,0.0317,0.0259,-0.367,Neutral
269,16,Instagram,Carousel,2024-11-26,3,Tuesday,168,25,False,63026,150228,3790,694,369,244,8872,0.077,0.0591,0.213,Neutral
270,16,Instagram,Article,2024-12-01,17,Sunday,171,30,True,486852,1046937,22285,3108,2000,2856,20464,0.0563,0.0195,-0.404,Negative
271,16,Instagram,Carousel,2024-11-25,2,Monday,176,6,False,196627,668087,4647,390,142,598,33464,0.0263,0.0501,-0.577,Negative
272,16,Instagram,Reel,2024-12-05,17,Thursday,256,20,True,269725,388914,8603,945,366,1406,22155,0.0368,0.057,-0.419,Positive
273,16,Instagram,Reel,2024-11-06,6,Wednesday,182,15,False,52486,82602,3390,370,318,362,2182,0.0777,0.0264,-0.343,Negative
274,16,Instagram,Story,2024-11-08,22,Friday,398,20,False,364571,912159,17971,2407,1600,1783,9430,0.0603,0.0103,-0.447,Neutral
275,16,Instagram,Carousel,2024-10-31,2,Thursday,450,8,True,357295,1021554,24882,3344,1730,2118,49664,0.0838,0.0486,0.783,Positive
276,16,Instagram,Video,2024-11-06,18,Wednesday,128,29,True,385588,1244371,7432,737,861,1236,15160,0.0234,0.0122,0.103,Negative
277,16,Instagram,Video,2024-12-07,16,Saturday,281,2,False,283946,634065,17273,2049,2316,1868,38884,0.0762,0.0613,-0.272,Positive
278,16,Instagram,Carousel,2024-11-26,21,Tuesday,466,30,True,126242,395788,8861,862,791,760,16320,0.0833,0.0412,0.472,Neutral
279,16,Instagram,Article,2024-12-09,11,Monday,218,15,False,189112,226368,10612,1424,721,1629,12857,0.0675,0.0568,0.763,Positive
280,16,Instagram,Story,2024-12-11,12,Wednesday,354,12,False,341013,640344,20892,4232,2762,3319,18206,0.0818,0.0284,0.175,Positive
281,17,LinkedIn,Reel,2024-10-28,16,Monday,471,4,False,198304,681058,3565,755,272,810,44599,0.0232,0.0655,-0.669,Positive
282,17,LinkedIn,Post,2024-11-03,23,Sunday,78,15,False,338367,600243,4815,969,751,640,33780,0.0193,0.0563,-0.042,Negative
283,17,LinkedIn,Carousel,2024-10-25,4,Friday,48,5,False,340350,1055110,3648,763,233,210,57047,0.0136,0.0541,0.845,Negative
284,17,LinkedIn,Carousel,2024-10-31,15,Thursday,464,15,True,315235,1080053,10952,1761,1229,1022,82416,0.0442,0.0763,-0.561,Neutral
285,17,LinkedIn,Video,2024-11-05,19,Tuesday,322,2,True,75822,228002,2220,464,164,263,13838,0.0376,0.0607,-0.244,Positive
286,17,LinkedIn,Carousel,2024-10-24,19,Thursday,39,28,True,9683,15353,342,48,16,49,257,0.0419,0.0167,-0.814,Negative
287,17,LinkedIn,Reel,2024-10-25,22,Friday,291,13,True,473899,1207655,19353,3208,1810,2401,56208,0.0514,0.0465,0.877,Neutral
288,17,LinkedIn,Story,2024-10-31,2,Thursday,165,19,False,184772,464464,6683,1097,255,971,8997,0.0435,0.0194,-0.484,Positive
289,17,LinkedIn,Post,2024-11-08,3,Friday,99,13,False,390884,1170546,9023,854,1219,1021,68059,0.0284,0.0581,-0.477,Negative
290,17,LinkedIn,Post,2024-11-01,17,Friday,304,15,False,297049,587428,6489,1156,488,950,38103,0.0274,0.0649,0.977,Negative
291,17,LinkedIn,Story,2024-10-30,3,Wednesday,129,16,False,406900,1136547,15215,2331,1605,2888,46895,0.0471,0.0413,0.572,Negative
292,17,LinkedIn,Carousel,2024-11-05,13,Tuesday,65,2,False,366458,1005177,4990,919,682,720,67977,0.018,0.0676,-0.556,Positive
293,17,LinkedIn,Article,2024-11-05,5,Tuesday,347,15,False,20794,59029,738,137,51,45,4571,0.0445,0.0774,-0.979,Negative
294,17,LinkedIn,Tweet,2024-11-03,0,Sunday,100,2,False,150949,236596,5063,929,536,617,13528,0.0432,0.0572,0.559,Neutral
295,17,LinkedIn,Carousel,2024-11-07,18,Thursday,198,11,False,208168,431549,2942,701,545,574,20917,0.0201,0.0485,-0.547,Positive
296,17,LinkedIn,Reel,2024-11-02,16,Saturday,151,28,False,488437,1010818,5447,992,637,642,45711,0.0145,0.0452,0.388,Neutral
297,17,LinkedIn,Reel,2024-11-04,8,Monday,54,12,True,254561,750425,10094,1227,728,559,38330,0.0473,0.0511,0.354,Positive
298,17,LinkedIn,Article,2024-10-29,10,Tuesday,58,17,True,217229,737073,4442,1176,352,820,12169,0.0275,0.0165,-0.047,Neutral
299,17,LinkedIn,Story,2024-10-27,8,Sunday,125,7,True,469879,1163848,9289,1835,451,900,71690,0.0246,0.0616,0.67,Negative
300,18,LinkedIn,Reel,2024-03-07,15,Thursday,210,19,False,409388,555152,16343,2705,1607,2587,35250,0.0505,0.0635,-0.015,Negative
301,18,LinkedIn,Video,2024-03-13,15,Wednesday,296,1,False,258323,397531,8534,1172,1045,1324,7544,0.0416,0.019,-0.213,Negative
302,18,LinkedIn,Post,2024-03-08,11,Friday,333,27,False,240702,828885,7360,1371,241,1223,20517,0.0373,0.0248,-0.626,Neutral
303,18,LinkedIn,Article,2024-03-11,12,Monday,163,14,True,142247,317385,3861,632,233,480,18741,0.0332,0.059,0.143,Negative
304,18,LinkedIn,Story,2024-03-11,15,Monday,432,0,True,427870,573212,7520,1228,665,1818,11584,0.022,0.0202,-0.157,Positive
305,18,LinkedIn,Reel,2024-03-25,6,Monday,436,8,False,280960,794932,8522,1534,945,1603,30118,0.0392,0.0379,0.678,Positive
306,18,LinkedIn,Article,2024-03-21,21,Thursday,330,6,True,391381,744866,9005,1929,547,668,8482,0.0293,0.0114,0.959,Neutral
307,18,LinkedIn,Story,2024-03-17,5,Sunday,347,25,False,171440,465573,4882,941,341,860,13993,0.036,0.0301,-0.156,Negative
308,18,LinkedIn,Tweet,2024-03-27,12,Wednesday,158,28,False,213217,668938,2673,354,220,276,20332,0.0152,0.0304,0.562,Neutral
309,18,LinkedIn,Tweet,2024-03-28,23,Thursday,60,6,True,274120,936739,5563,524,783,1324,52777,0.0251,0.0563,-0.206,Positive
310,18,LinkedIn,Story,2024-03-03,2,Sunday,355,29,False,492149,1579236,10482,1851,1675,1074,24995,0.0285,0.0158,-0.381,Positive
311,18,LinkedIn,Video,2024-03-13,14,Wednesday,465,17,False,233343,607521,4428,311,430,509,42663,0.0222,0.0702,0.097,Positive
312,18,LinkedIn,Post,2024-03-26,15,Tuesday,296,7,True,93818,236233,2601,494,196,407,12942,0.0351,0.0548,-0.116,Neutral
313,18,LinkedIn,Tweet,2024-03-20,15,Wednesday,406,15,False,137213,202213,1841,352,86,289,6081,0.0166,0.0301,-0.982,Neutral
314,18,LinkedIn,Tweet,2024-03-14,20,Thursday,219,26,False,314001,519645,3899,580,413,322,19555,0.0156,0.0376,-0.559,Positive
315,18,LinkedIn,Article,2024-03-20,8,Wednesday,231,6,True,328849,550805,12857,2174,1243,2553,16484,0.0495,0.0299,-0.635,Neutral
316,18,LinkedIn,Reel,2024-03-05,5,Tuesday,72,9,False,334915,734409,9064,1266,582,2211,15165,0.0326,0.0206,-0.75,Neutral
317,19,Instagram,Tweet,2024-01-08,1,Monday,189,2,True,123059,162003,2178,354,319,270,7271,0.0232,0.0449,-0.888,Neutral
318,19,Instagram,Story,2024-01-09,12,Tuesday,414,14,True,285789,636838,10171,1780,1165,2071,11805,0.0459,0.0185,0.475,Positive
319,19,Instagram,Story,2024-01-12,20,Friday,392,1,True,242610,695022,6529,660,477,1548,53714,0.0316,0.0773,-0.493,Negative
320,19,Instagram,Article,2024-01-15,8,Monday,319,3,False,105188,206696,2554,537,141,135,8348,0.0307,0.0404,0.578,Positive
321,19,Instagram,Carousel,2024-01-09,10,Tuesday,496,24,True,305651,910944,15100,1938,604,1031,19165,0.0577,0.021,-0.88,Negative
322,19,Instagram,Video,2024-01-11,23,Thursday,118,0,False,368697,880171,9452,1194,945,1129,48519,0.0314,0.0551,-0.284,Positive
323,19,Instagram,Post,2024-01-14,23,Sunday,259,8,True,472158,564121,29507,4608,2616,4683,28019,0.0778,0.0497,-0.862,Positive
324,19,Instagram,Carousel,2024-01-18,11,Thursday,417,19,True,156017,478442,7816,1567,742,1770,29355,0.0649,0.0614,-0.359,Positive
325,19,Instagram,Reel,2024-01-21,3,Sunday,287,21,True,430417,873737,21564,3492,2293,3842,28468,0.0635,0.0326,-0.912,Positive
326,19,Instagram,Carousel,2024-01-12,22,Friday,322,8,True,458961,539305,10141,967,1297,1500,20063,0.027,0.0372,-0.267,Negative
327,19,Instagram,Carousel,2024-01-09,23,Tuesday,500,28,False,7860,26193,248,53,10,15,1730,0.0396,0.066,0.644,Negative
328,19,Instagram,Reel,2024-01-09,23,Tuesday,138,17,False,432826,1116968,24196,4482,881,3723,28050,0.0683,0.0251,-0.621,Negative
329,19,Instagram,Video,2024-01-14,22,Sunday,360,13,True,299858,779864,10018,1265,393,1218,42661,0.0389,0.0547,-0.666,Positive
330,19,Instagram,Post,2024-01-21,11,Sunday,231,24,False,211531,488903,12453,2074,1786,1992,35774,0.0771,0.0732,0.652,Neutral
331,19,Instagram,Reel,2024-01-13,23,Saturday,37,9,True,296250,713815,12561,2350,921,3039,29743,0.0534,0.0417,0.035,Neutral
332,19,Instagram,Carousel,2024-01-08,17,Monday,312,29,True,158461,548678,4647,994,746,1086,37070,0.0403,0.0676,-0.811,Neutral
333,19,Instagram,Story,2024-01-16,23,Tuesday,59,23,False,82845,118648,3523,382,443,457,1949,0.0525,0.0164,0.586,Positive
334,19,Instagram,Video,2024-01-19,2,Friday,419,1,False,433907,1413520,30180,2409,2888,6388,17832,0.0818,0.0126,-0.304,Neutral
335,19,Instagram,Video,2024-01-18,1,Thursday,176,16,True,488716,1555482,30058,6100,3608,6176,16799,0.0814,0.0108,-0.361,Negative
336,19,Instagram,Carousel,2024-01-11,2,Thursday,133,13,False,172353,397405,4428,1058,442,748,16370,0.0344,0.0412,0.573,Positive
337,20,Twitter,Article,2024-02-04,4,Sunday,266,17,True,44277,99271,914,104,71,173,4011,0.0246,0.0404,-0.024,Negative
338,20,Twitter,Carousel,2024-02-06,2,Tuesday,77,21,False,103812,254007,2722,307,171,508,10186,0.0308,0.0401,-0.153,Neutral
339,20,Twitter,Carousel,2024-02-02,4,Friday,245,1,True,169159,325945,3454,316,226,727,22004,0.0236,0.0675,-0.601,Neutral
340,20,Twitter,Post,2024-02-01,0,Thursday,195,22,True,398270,1134419,2301,236,222,498,23071,0.0069,0.0203,-0.39,Neutral
341,20,Twitter,Story,2024-01-31,22,Wednesday,377,21,True,174998,280280,2340,426,169,458,12279,0.0168,0.0438,-0.247,Negative
342,20,Twitter,Reel,2024-02-06,12,Tuesday,358,8,False,23797,40766,94,20,7,22,1734,0.0051,0.0425,0.729,Positive
343,20,Twitter,Carousel,2024-02-03,17,Saturday,65,5,True,455772,1467661,6704,851,648,985,107537,0.018,0.0733,0.001,Neutral
344,20,Twitter,Tweet,2024-02-06,11,Tuesday,201,20,False,486674,1367517,2415,250,184,129,84932,0.0059,0.0621,-0.528,Negative
345,20,Twitter,Story,2024-02-03,4,Saturday,194,28,False,426665,532829,3685,897,593,883,40542,0.0121,0.0761,0.314,Positive
346,20,Twitter,Post,2024-02-08,19,Thursday,188,14,True,201386,473201,4407,686,308,596,23708,0.0268,0.0501,-0.586,Positive
347,20,Twitter,Article,2024-02-07,4,Wednesday,355,29,True,284825,780909,1863,408,316,253,57529,0.0091,0.0737,-0.365,Negative
348,20,Twitter,Video,2024-02-06,9,Tuesday,246,23,False,498340,1408636,4288,368,127,1048,45510,0.0096,0.0323,-0.696,Positive
349,20,Twitter,Tweet,2024-02-01,0,Thursday,203,2,False,69967,107986,1515,170,144,146,2825,0.0261,0.0262,-0.732,Negative
350,20,Twitter,Reel,2024-02-05,8,Monday,231,7,True,374303,995258,2638,416,141,347,25716,0.0085,0.0258,0.516,Positive
351,20,Twitter,Article,2024-02-02,1,Friday,331,23,False,487069,1651786,6799,1178,886,921,119145,0.0182,0.0721,0.44,Neutral
352,20,Twitter,Article,2024-02-07,1,Wednesday,469,7,False,493379,1421880,8364,1750,1055,1173,66039,0.0226,0.0464,0.968,Positive
353,21,Twitter,Story,2024-03-14,13,Thursday,170,19,True,271599,797518,5852,987,953,627,51166,0.0287,0.0642,0.38,Positive
354,21,Twitter,Video,2024-03-16,13,Saturday,185,14,True,436103,1155953,2315,242,238,368,83925,0.0064,0.0726,-0.642,Negative
355,21,Twitter,Tweet,2024-03-26,3,Tuesday,66,3,False,374625,1217496,7086,1107,966,586,72809,0.0244,0.0598,0.268,Positive
356,21,Twitter,Post,2024-03-17,18,Sunday,466,21,True,371817,751743,7942,1761,611,1617,27545,0.0277,0.0366,-0.676,Positive
357,21,Twitter,Story,2024-03-09,6,Saturday,21,19,False,404259,1135528,4717,1009,443,346,61150,0.0153,0.0539,-0.976,Neutral
358,21,Twitter,Reel,2024-03-25,19,Monday,327,0,True,262432,630992,1043,100,91,137,27321,0.0047,0.0433,0.764,Neutral
359,21,Twitter,Tweet,2024-03-20,18,Wednesday,449,19,False,330586,806007,5765,726,809,1272,10131,0.0221,0.0126,-0.338,Positive
360,21,Twitter,Story,2024-03-06,14,Wednesday,403,18,False,58088,122025,458,72,49,95,6302,0.01,0.0516,0.863,Positive
361,21,Twitter,Reel,2024-03-23,22,Saturday,460,8,False,157916,296056,4290,723,502,618,4306,0.0349,0.0145,0.054,Negative
362,21,Twitter,Carousel,2024-03-10,22,Sunday,167,13,False,365815,585934,1728,380,160,336,9455,0.0062,0.0161,-0.481,Negative
363,21,Twitter,Story,2024-03-20,22,Wednesday,168,6,True,186521,620192,3207,607,295,727,41279,0.022,0.0666,-0.764,Neutral
364,21,Twitter,Tweet,2024-03-20,6,Wednesday,25,20,True,418717,579094,10744,2176,771,1741,19321,0.0327,0.0334,0.38,Neutral
365,21,Twitter,Carousel,2024-03-24,0,Sunday,446,5,True,36565,67230,496,42,62,96,2278,0.0164,0.0339,-0.339,Neutral
366,21,Twitter,Post,2024-03-27,14,Wednesday,421,26,False,353569,795480,3901,485,247,870,33603,0.0131,0.0422,0.856,Positive
367,21,Twitter,Article,2024-03-25,11,Monday,53,4,False,274192,498597,4952,862,305,1039,28910,0.0223,0.058,0.681,Neutral
368,21,Twitter,Article,2024-03-14,10,Thursday,383,1,False,329472,784886,2427,244,104,270,50832,0.0084,0.0648,-0.172,Neutral
369,21,Twitter,Story,2024-03-26,2,Tuesday,247,16,True,125592,250154,2525,438,145,145,9054,0.0247,0.0362,0.598,Negative
370,21,Twitter,Carousel,2024-03-08,21,Friday,87,6,True,100725,193017,1682,178,101,117,12326,0.0195,0.0639,-0.081,Negative
371,21,Twitter,Reel,2024-03-25,16,Monday,412,21,False,274859,378757,2240,588,391,510,12624,0.0117,0.0333,-0.955,Neutral
372,22,Twitter,Post,2024-10-30,3,Wednesday,27,30,True,111019,207618,759,106,72,60,3786,0.0084,0.0182,-0.587,Neutral
373,22,Twitter,Carousel,2024-10-13,14,Sunday,45,4,True,167977,294047,4733,685,215,1081,9349,0.0335,0.0318,-0.059,Negative
374,22,Twitter,Video,2024-09-19,19,Thursday,202,9,False,56536,114238,279,54,41,52,6176,0.0066,0.0541,0.635,Negative
375,22,Twitter,Tweet,2024-10-23,14,Wednesday,69,14,False,352729,1073114,2123,345,178,446,17710,0.0075,0.0165,0.369,Negative
376,22,Twitter,Tweet,2024-10-24,10,Thursday,423,27,False,245001,546183,5077,1304,379,440,19357,0.0276,0.0354,-0.093,Positive
377,22,Twitter,Video,2024-09-20,22,Friday,427,3,False,250212,343022,4102,425,260,621,17229,0.0191,0.0502,0.112,Positive
378,22,Twitter,Post,2024-10-25,6,Friday,436,22,False,159396,379137,1892,339,193,239,29638,0.0152,0.0782,0.569,Neutral
379,22,Twitter,Reel,2024-10-14,18,Monday,325,14,False,413785,794997,6690,1417,959,1454,47567,0.0219,0.0598,0.11,Neutral
380,22,Twitter,Tweet,2024-09-25,1,Wednesday,66,6,True,162499,551541,643,158,98,95,20144,0.0055,0.0365,0.775,Negative
381,22,Twitter,Post,2024-10-26,9,Saturday,311,25,False,1096,3197,19,2,2,1,132,0.021,0.0413,0.837,Neutral
382,22,Twitter,Post,2024-10-21,17,Monday,47,0,False,480785,926104,1962,580,204,213,17530,0.0057,0.0189,-0.781,Neutral
383,22,Twitter,Tweet,2024-10-29,5,Tuesday,263,4,True,17349,28878,317,41,25,50,1060,0.0221,0.0367,0.111,Neutral
384,22,Twitter,Video,2024-10-27,21,Sunday,243,4,True,219751,323087,6148,556,225,1194,3586,0.0315,0.0111,-0.726,Neutral
385,22,Twitter,Video,2024-10-28,11,Monday,135,5,False,240090,778995,5487,791,396,1174,30917,0.0278,0.0397,0.209,Negative
386,22,Twitter,Video,2024-10-11,22,Friday,208,3,False,444969,1270027,7733,1899,880,445,15675,0.0236,0.0123,0.923,Positive
387,22,Twitter,Reel,2024-09-23,7,Monday,261,20,True,383827,1095865,12031,1935,865,2742,16960,0.0386,0.0155,0.368,Negative
388,22,Twitter,Tweet,2024-10-25,10,Friday,235,11,False,304892,564049,1258,266,120,180,25882,0.0054,0.0459,-0.422,Positive
389,22,Twitter,Tweet,2024-10-20,9,Sunday,434,23,True,484846,1228758,5578,576,533,917,62015,0.0138,0.0505,-0.426,Positive
390,22,Twitter,Carousel,2024-09-23,5,Monday,485,18,True,266077,341767,4967,962,362,984,9564,0.0236,0.028,0.318,Neutral
391,22,Twitter,Story,2024-10-26,19,Saturday,498,26,True,92959,160540,1771,356,244,118,5458,0.0255,0.034,0.675,Neutral
392,23,Instagram,Reel,2024-05-13,1,Monday,105,14,False,347379,749103,17097,3746,1445,3438,41169,0.0642,0.055,-0.048,Neutral
393,23,Instagram,Video,2024-05-17,12,Friday,367,10,True,123505,248433,7418,745,1034,1746,2690,0.0745,0.0108,-0.805,Negative
394,23,Instagram,Tweet,2024-05-18,18,Saturday,220,14,True,186507,633161,9958,1744,601,693,18169,0.066,0.0287,0.469,Negative
395,23,Instagram,Reel,2024-05-13,16,Monday,73,21,False,273604,522522,13963,2640,1860,731,35645,0.0675,0.0682,-0.297,Negative
396,23,Instagram,Tweet,2024-05-14,3,Tuesday,382,30,True,133066,208034,2255,615,310,541,14246,0.0239,0.0685,-0.827,Negative
397,23,Instagram,Video,2024-05-12,21,Sunday,499,2,False,198110,530013,14728,3226,2015,1482,31109,0.1008,0.0587,0.845,Neutral
398,23,Instagram,Post,2024-05-16,1,Thursday,152,30,False,363923,1189351,21572,2391,936,2730,76591,0.0684,0.0644,-0.644,Positive
399,23,Instagram,Reel,2024-05-16,14,Thursday,386,8,True,487846,771580,22109,1939,2016,3820,31008,0.0534,0.0402,-0.93,Positive
400,23,Instagram,Post,2024-05-17,4,Friday,378,10,False,382443,650700,20623,1740,1910,3772,48999,0.0635,0.0753,0.149,Negative
401,23,Instagram,Article,2024-05-16,15,Thursday,82,18,False,251682,540245,19582,3428,1685,4715,5527,0.0981,0.0102,-0.333,Neutral
402,23,Instagram,Article,2024-05-15,9,Wednesday,351,6,True,29937,78358,1835,360,337,260,1224,0.0846,0.0156,0.109,Neutral
403,23,Instagram,Story,2024-05-13,1,Monday,118,0,True,157694,436830,12028,1499,467,2370,23717,0.0887,0.0543,-0.022,Positive
404,23,Instagram,Article,2024-05-17,23,Friday,41,12,True,338330,622038,19813,2506,2632,1212,7833,0.0737,0.0126,-0.577,Negative
405,23,Instagram,Video,2024-05-17,20,Friday,29,15,True,241318,809915,17277,3243,1009,3405,12183,0.0892,0.015,-0.515,Negative
406,23,Instagram,Article,2024-05-12,3,Sunday,78,15,True,8531,12910,174,38,16,29,283,0.0267,0.0219,-0.874,Positive
407,23,Instagram,Article,2024-05-16,6,Thursday,411,1,True,177864,542067,14815,1735,2065,1147,27275,0.1047,0.0503,-0.329,Positive
408,23,Instagram,Article,2024-05-14,20,Tuesday,333,12,True,75048,218999,2069,225,133,158,11111,0.0323,0.0507,-0.969,Neutral
409,23,Instagram,Video,2024-05-11,22,Saturday,84,6,True,4329,4836,349,53,20,72,283,0.0975,0.0585,0.28,Negative
410,24,TikTok,Article,2024-02-01,9,Thursday,198,13,True,126437,423742,8363,1112,981,1467,32425,0.0827,0.0765,0.115,Positive
411,24,TikTok,Story,2024-01-28,8,Sunday,47,6,True,278976,960876,27617,5411,2205,4841,40832,0.1263,0.0425,0.593,Negative
412,24,TikTok,Article,2024-02-01,14,Thursday,42,3,True,261841,398830,18416,4110,1536,2152,16123,0.0919,0.0404,0.85,Positive
413,24,TikTok,Tweet,2024-01-28,21,Sunday,479,10,True,412824,482903,25163,3549,2683,3367,24426,0.076,0.0506,0.558,Neutral
414,24,TikTok,Video,2024-01-29,4,Monday,130,29,False,52413,87481,3041,755,140,185,4457,0.0751,0.0509,-0.644,Neutral
415,24,TikTok,Story,2024-01-28,3,Sunday,456,14,False,240987,681407,25246,2236,961,1563,39831,0.118,0.0585,-0.164,Neutral
416,24,TikTok,Story,2024-01-29,2,Monday,230,27,False,465733,842225,24203,4762,3030,3885,42505,0.0687,0.0505,0.724,Positive
417,24,TikTok,Carousel,2024-02-03,4,Saturday,487,18,True,249244,774843,15464,2658,854,2565,25500,0.0761,0.0329,-0.164,Positive
418,24,TikTok,Video,2024-01-27,7,Saturday,62,17,True,247757,708670,17969,2560,2426,1250,41645,0.0927,0.0588,0.386,Neutral
419,24,TikTok,Carousel,2024-01-29,23,Monday,318,0,False,70579,138347,4576,295,420,649,2950,0.075,0.0213,-0.072,Positive
420,24,TikTok,Tweet,2024-02-04,10,Sunday,291,1,False,213525,329654,23991,4197,701,3046,17772,0.1353,0.0539,-0.148,Neutral
421,24,TikTok,Carousel,2024-02-04,21,Sunday,206,28,True,497026,1277358,34863,7347,4318,8243,42789,0.0936,0.0335,-0.778,Neutral
422,24,TikTok,Post,2024-02-01,7,Thursday,296,3,False,325604,390105,22077,3830,2061,1714,25025,0.0859,0.0641,0.475,Negative
423,24,TikTok,Post,2024-02-04,11,Sunday,251,15,True,110992,322722,9853,2310,996,599,12781,0.1186,0.0396,-0.06,Negative
424,24,TikTok,Reel,2024-02-04,6,Sunday,476,28,False,433736,1031794,26192,4961,3649,6238,68733,0.0802,0.0666,-0.825,Neutral
425,24,TikTok,Tweet,2024-01-29,0,Monday,170,13,True,152190,517417,5017,558,290,455,10625,0.0385,0.0205,-0.052,Neutral
426,24,TikTok,Video,2024-02-01,18,Thursday,195,20,False,387772,1026526,17685,4675,1315,3164,78345,0.0611,0.0763,-0.028,Negative
427,24,TikTok,Video,2024-02-04,11,Sunday,167,24,True,278959,870513,17792,1901,2502,1814,19170,0.0796,0.022,-0.703,Neutral
428,25,TikTok,Story,2024-03-08,5,Friday,141,3,True,325340,1079450,27154,6831,4041,4976,63147,0.1169,0.0585,0.988,Negative
429,25,TikTok,Carousel,2024-03-04,5,Monday,293,9,True,232152,400456,11486,918,779,1430,13643,0.0568,0.0341,0.841,Neutral
430,25,TikTok,Tweet,2024-04-09,9,Tuesday,262,28,False,403924,585254,26374,2231,3499,3066,45820,0.0795,0.0783,0.939,Negative
431,25,TikTok,Carousel,2024-03-06,3,Wednesday,177,0,False,420208,1032264,44632,8389,5540,3476,75367,0.1394,0.073,0.235,Positive
432,25,TikTok,Reel,2024-04-04,2,Thursday,295,27,False,188377,249025,7454,1166,406,787,18800,0.0479,0.0755,0.354,Positive
433,25,TikTok,Article,2024-04-10,13,Wednesday,209,12,False,207791,325542,12930,2738,1758,1029,11483,0.0839,0.0353,-0.976,Neutral
434,25,TikTok,Post,2024-03-26,5,Tuesday,432,23,False,162525,560070,13998,3265,1477,2949,44515,0.1153,0.0795,0.457,Neutral
435,25,TikTok,Carousel,2024-03-05,12,Tuesday,65,0,False,439048,1101673,15107,2618,2401,955,87103,0.0458,0.0791,0.278,Neutral
436,25,TikTok,Reel,2024-04-01,9,Monday,447,18,False,92694,225612,9585,840,460,1541,8285,0.1174,0.0367,-0.012,Negative
437,25,TikTok,Post,2024-04-05,13,Friday,111,15,True,118713,138231,3457,869,518,624,5954,0.0408,0.0431,-0.943,Neutral
438,25,TikTok,Article,2024-04-08,3,Monday,211,16,True,35983,91301,2248,326,141,550,5296,0.0755,0.058,0.691,Positive
439,25,TikTok,Post,2024-02-26,1,Monday,168,9,True,77617,144929,6889,845,532,1601,5705,0.1065,0.0394,0.028,Negative
440,25,TikTok,Tweet,2024-03-09,22,Saturday,372,11,True,401917,533271,39402,8155,5118,4342,30901,0.1311,0.0579,0.069,Neutral
441,25,TikTok,Carousel,2024-03-05,7,Tuesday,445,6,True,7762,11089,493,61,62,46,237,0.0794,0.0214,-0.165,Positive
442,25,TikTok,Carousel,2024-03-03,10,Sunday,108,22,False,430310,608870,13592,2678,699,3364,24924,0.0394,0.0409,-0.942,Positive
443,25,TikTok,Article,2024-03-13,3,Wednesday,59,0,False,68483,216156,2664,293,142,501,3350,0.0453,0.0155,0.515,Positive
444,25,TikTok,Reel,2024-03-11,3,Monday,420,3,True,57527,67807,5295,756,723,584,883,0.1178,0.013,0.175,Positive
445,25,TikTok,Carousel,2024-03-09,23,Saturday,333,7,True,352587,685316,16424,3141,2089,1348,23539,0.0614,0.0343,-0.802,Negative
446,26,Instagram,Carousel,2024-02-18,22,Sunday,263,11,True,114769,323413,7392,1680,272,1735,19655,0.0814,0.0608,-0.121,Positive
447,26,Instagram,Reel,2024-02-10,16,Saturday,89,15,False,438645,856048,15882,2047,817,1186,67561,0.0427,0.0789,0.409,Negative
448,26,Instagram,Carousel,2024-02-06,13,Tuesday,168,27,False,44121,83277,1043,196,80,144,6523,0.0299,0.0783,-0.622,Positive
449,26,Instagram,Reel,2024-02-17,3,Saturday,93,12,False,493349,1346800,18200,2257,646,3307,54766,0.0428,0.0407,0.39,Positive
450,26,Instagram,Video,2024-02-10,8,Saturday,411,22,False,34926,68905,937,224,87,126,1812,0.0357,0.0263,0.513,Negative
451,26,Instagram,Post,2024-02-15,15,Thursday,274,7,True,187697,420813,9829,1557,669,703,26831,0.0642,0.0638,-0.941,Negative
452,26,Instagram,Reel,2024-02-07,2,Wednesday,358,24,False,436322,551401,31441,3505,2952,5483,11409,0.0869,0.0207,0.585,Positive
453,26,Instagram,Video,2024-02-13,3,Tuesday,216,14,False,348127,798936,17403,3438,1660,3529,8977,0.0646,0.0112,0.706,Neutral
454,26,Instagram,Tweet,2024-02-17,12,Saturday,269,24,True,19864,23416,1206,127,121,92,1039,0.0732,0.0444,0.138,Neutral
455,26,Instagram,Article,2024-02-17,9,Saturday,184,1,True,250514,613612,5704,842,742,1056,22363,0.0291,0.0364,0.181,Positive
456,26,Instagram,Video,2024-02-14,11,Wednesday,48,21,True,183911,559627,11076,1708,765,2751,22368,0.0737,0.04,-0.505,Negative
457,26,Instagram,Tweet,2024-02-13,13,Tuesday,310,16,False,311657,406357,21791,1760,962,1252,19378,0.0787,0.0477,-0.467,Negative
458,26,Instagram,Story,2024-02-17,10,Saturday,274,16,False,309275,356707,12139,1487,503,2284,15761,0.0457,0.0442,-0.667,Neutral
459,26,Instagram,Post,2024-02-14,18,Wednesday,225,25,True,229584,363711,15858,1151,1762,1633,9087,0.0818,0.025,0.249,Positive
460,26,Instagram,Post,2024-02-08,16,Thursday,431,9,False,311307,594101,8309,1094,412,1498,39029,0.0315,0.0657,0.327,Neutral
461,27,Twitter,Story,2024-07-15,18,Monday,275,6,False,211921,360908,3424,511,441,524,19470,0.0206,0.0539,-0.464,Negative
462,27,Twitter,Story,2024-07-26,7,Friday,97,23,False,425114,1094504,8550,1446,951,1050,50958,0.0258,0.0466,0.688,Neutral
463,27,Twitter,Carousel,2024-07-05,7,Friday,227,7,True,451985,1397770,1839,299,281,186,77189,0.0054,0.0552,-0.7,Positive
464,27,Twitter,Story,2024-06-28,0,Friday,152,25,False,418881,1292394,5944,833,638,486,16271,0.0177,0.0126,0.317,Positive
465,27,Twitter,Video,2024-06-09,11,Sunday,363,21,True,379784,860598,1639,126,147,377,60846,0.005,0.0707,-0.206,Negative
466,27,Twitter,Post,2024-06-18,15,Tuesday,472,2,True,124753,170741,2987,391,330,705,13057,0.0297,0.0765,0.2,Neutral
467,27,Twitter,Post,2024-07-06,14,Saturday,229,8,True,437382,1094497,5909,600,439,502,21998,0.0159,0.0201,-0.019,Neutral
468,27,Twitter,Post,2024-06-15,9,Saturday,30,20,True,166931,402268,2071,280,298,300,8103,0.0159,0.0201,0.683,Negative
469,27,Twitter,Tweet,2024-06-10,3,Monday,293,27,True,363116,1198971,5961,915,736,1374,70791,0.021,0.059,0.715,Neutral
470,27,Twitter,Article,2024-06-05,5,Wednesday,488,14,False,477991,1627939,13884,1434,1699,1520,102506,0.0356,0.063,0.759,Negative
471,27,Twitter,Tweet,2024-07-14,13,Sunday,468,29,True,414829,490044,10945,2110,845,2388,19066,0.0335,0.0389,0.649,Negative
472,27,Twitter,Tweet,2024-06-30,20,Sunday,114,20,False,266465,335554,3778,550,242,764,19685,0.0172,0.0587,0.582,Positive
473,27,Twitter,Tweet,2024-06-05,4,Wednesday,453,19,False,211062,333516,2228,202,132,453,19994,0.0121,0.0599,0.585,Neutral
474,27,Twitter,Post,2024-07-18,5,Thursday,221,28,False,251801,804860,1344,266,112,89,23925,0.0068,0.0297,0.89,Negative
475,27,Twitter,Tweet,2024-06-26,5,Wednesday,45,12,False,11870,40066,307,49,40,27,3132,0.0334,0.0782,0.201,Positive
476,27,Twitter,Video,2024-06-13,3,Thursday,134,22,True,193896,292452,2429,494,394,523,21928,0.0171,0.075,-0.619,Neutral
477,28,LinkedIn,Video,2024-03-18,4,Monday,34,9,False,201316,284354,7427,1633,465,992,16322,0.0473,0.0574,-0.529,Neutral
478,28,LinkedIn,Story,2024-03-07,22,Thursday,216,22,False,194796,486788,4699,866,801,608,38070,0.0327,0.0782,0.472,Neutral
479,28,LinkedIn,Article,2024-02-27,19,Tuesday,383,23,True,50953,124162,876,109,54,161,6511,0.0204,0.0524,-0.989,Negative
480,28,LinkedIn,Carousel,2024-03-25,15,Monday,496,10,False,200721,366520,4390,1054,465,448,18558,0.0294,0.0506,-0.736,Neutral
481,28,LinkedIn,Video,2024-03-20,9,Wednesday,482,28,False,227979,328360,2887,353,504,576,22471,0.0164,0.0684,0.226,Neutral
482,28,LinkedIn,Tweet,2024-03-20,14,Wednesday,47,6,True,165107,354296,3166,435,421,742,17324,0.0244,0.0489,-0.891,Positive
483,28,LinkedIn,Tweet,2024-02-25,17,Sunday,268,14,False,247545,426900,7534,1785,1124,913,5487,0.0422,0.0129,-0.775,Negative
484,28,LinkedIn,Tweet,2024-03-02,18,Saturday,128,18,True,65830,127647,1084,247,148,176,8626,0.0225,0.0676,0.052,Negative
485,28,LinkedIn,Reel,2024-03-03,12,Sunday,211,18,True,219323,725737,4251,389,303,1046,21699,0.0225,0.0299,0.674,Positive
486,28,LinkedIn,Reel,2024-02-25,20,Sunday,338,30,False,43500,95898,1353,237,87,156,5376,0.0386,0.0561,-0.35,Negative
487,28,LinkedIn,Video,2024-03-22,2,Friday,224,8,True,68801,110582,1046,124,36,251,1653,0.0175,0.0149,-0.52,Neutral
488,28,LinkedIn,Video,2024-02-28,13,Wednesday,396,25,False,11754,36973,228,24,24,16,2062,0.0235,0.0558,0.807,Negative
489,28,LinkedIn,Video,2024-03-01,2,Friday,407,13,False,189242,510432,6592,997,915,1071,22127,0.0449,0.0433,0.228,Neutral
490,28,LinkedIn,Carousel,2024-03-25,20,Monday,351,16,True,224355,296838,7202,1069,653,1700,17796,0.0398,0.06,-0.419,Neutral
491,28,LinkedIn,Carousel,2024-02-27,1,Tuesday,302,2,True,476638,1441213,12135,1807,671,1644,39497,0.0307,0.0274,0.027,Negative
492,28,LinkedIn,Reel,2024-03-15,23,Friday,358,14,True,217541,288625,6773,761,407,1020,4538,0.0365,0.0157,0.572,Neutral
493,28,LinkedIn,Post,2024-02-26,5,Monday,128,5,True,44668,93758,1278,263,173,270,3890,0.0384,0.0415,0.494,Negative
494,29,TikTok,Tweet,2024-10-12,23,Saturday,328,23,False,56747,121501,1836,152,215,240,5128,0.0388,0.0422,-0.394,Negative
495,29,TikTok,Reel,2024-09-27,22,Friday,116,27,True,363105,986602,31382,4072,1522,2271,10824,0.1018,0.011,-0.582,Negative
496,29,TikTok,Video,2024-09-17,0,Tuesday,79,5,True,341650,574065,41268,5658,1464,3286,36671,0.1416,0.0639,0.478,Neutral
497,29,TikTok,Reel,2024-10-03,20,Thursday,453,22,False,248196,284707,15415,2139,2324,1800,10654,0.0801,0.0374,0.959,Neutral
498,29,TikTok,Tweet,2024-10-15,15,Tuesday,138,22,True,304385,770098,21817,3668,2187,3759,39562,0.0909,0.0514,0.057,Neutral
499,29,TikTok,Video,2024-10-07,22,Monday,243,0,True,166596,404464,9813,1962,414,1758,21674,0.0732,0.0536,-0.424,Positive
500,29,TikTok,Video,2024-10-02,4,Wednesday,472,9,False,181275,390006,14220,2491,1971,2745,27199,0.1031,0.0697,0.92,Negative
501,29,TikTok,Video,2024-10-11,4,Friday,108,6,True,386133,758602,34037,2847,1573,2288,44263,0.0996,0.0583,0.211,Positive
502,29,TikTok,Tweet,2024-10-18,5,Friday,109,26,True,219095,736889,14270,2643,2500,1457,25875,0.0886,0.0351,0.614,Neutral
503,29,TikTok,Carousel,2024-09-30,8,Monday,478,4,True,60752,156870,2263,302,188,134,5469,0.0453,0.0349,0.413,Neutral
504,29,TikTok,Carousel,2024-10-18,1,Friday,279,3,True,240670,820769,28272,4572,2453,1989,57525,0.1467,0.0701,0.26,Positive
505,29,TikTok,Article,2024-09-27,4,Friday,82,27,True,83330,237327,8625,1181,1061,1058,4936,0.1304,0.0208,-0.122,Neutral
506,29,TikTok,Video,2024-10-17,11,Thursday,342,21,True,404194,451003,41142,5041,2159,7942,12908,0.1196,0.0286,-0.697,Negative
507,29,TikTok,Post,2024-09-30,0,Monday,246,4,True,413727,681671,39818,5802,3617,8318,47490,0.119,0.0697,0.435,Negative
508,29,TikTok,Story,2024-09-13,18,Friday,49,20,False,45448,86893,3399,433,239,797,1094,0.0896,0.0126,-0.161,Negative
509,29,TikTok,Story,2024-10-14,22,Monday,226,14,True,291251,930987,24882,3535,3608,4281,67975,0.11,0.073,0.775,Negative
510,29,TikTok,Reel,2024-10-18,17,Friday,191,12,True,325108,866376,35045,5861,2394,3865,20629,0.1332,0.0238,0.041,Negative
511,30,YouTube,Post,2024-04-03,7,Wednesday,446,24,False,49664,115618,1158,218,42,182,8361,0.0286,0.0723,0.453,Negative
512,30,YouTube,Post,2024-03-29,18,Friday,397,0,False,384771,478605,11220,1393,388,840,26594,0.0338,0.0556,-0.322,Positive
513,30,YouTube,Article,2024-04-21,22,Sunday,313,21,True,297535,837606,15873,3050,878,2910,25918,0.0666,0.0309,0.429,Negative
514,30,YouTube,Reel,2024-04-05,2,Friday,51,13,True,56169,105981,2304,265,85,496,6339,0.0473,0.0598,-0.047,Neutral
515,30,YouTube,Video,2024-03-27,22,Wednesday,496,30,False,194616,530206,5738,1099,771,1017,26988,0.0391,0.0509,0.463,Neutral
516,30,YouTube,Video,2024-03-31,15,Sunday,36,23,True,76678,177424,2398,552,229,452,8346,0.0415,0.047,0.888,Neutral
517,30,YouTube,Post,2024-03-29,9,Friday,170,15,True,316411,995290,5145,665,520,571,18156,0.02,0.0182,0.582,Positive
518,30,YouTube,Post,2024-04-21,2,Sunday,465,1,False,222122,270269,12543,1170,1399,934,11950,0.068,0.0442,-0.038,Neutral
519,30,YouTube,Video,2024-04-20,14,Saturday,361,14,True,238174,776611,10235,1943,1090,1545,49187,0.0557,0.0633,0.733,Neutral
520,30,YouTube,Video,2024-03-28,23,Thursday,162,20,True,420331,1092629,14870,3379,1137,2737,14430,0.0461,0.0132,0.732,Negative
521,30,YouTube,Carousel,2024-03-25,18,Monday,407,1,True,300890,786003,11822,2284,1426,2849,12545,0.0516,0.016,0.501,Negative
522,30,YouTube,Carousel,2024-03-24,14,Sunday,63,25,False,64063,171676,2622,257,121,571,11687,0.0468,0.0681,-0.196,Positive
523,30,YouTube,Reel,2024-04-16,17,Tuesday,106,9,True,452922,1513319,10139,958,1138,691,55600,0.027,0.0367,-0.635,Positive
524,30,YouTube,Reel,2024-03-31,10,Sunday,92,13,False,161848,547887,5087,1435,339,557,32835,0.0424,0.0599,-0.484,Positive
525,30,YouTube,Post,2024-03-26,14,Tuesday,303,13,True,107199,179568,3416,603,361,354,13728,0.0409,0.0765,-0.032,Neutral
526,30,YouTube,Story,2024-04-23,9,Tuesday,310,13,False,123547,406835,1738,283,73,313,25796,0.0169,0.0634,-0.832,Negative
527,30,YouTube,Carousel,2024-04-17,14,Wednesday,41,0,False,107670,320739,2034,205,121,492,24595,0.0219,0.0767,0.922,Negative
